Title,Gross Revenue,Release Year
Avatar,2923710708.0,2009
Avengers: Endgame,2799439100.0,2019
Avatar: The Way of Water,2320250281.0,2022
Titanic,2264812968.0,1997
Star Wars: Episode VII - The Force Awakens,2071310218.0,2015
Avengers: Infinity War,2052415039.0,2018
Spider-Man: No Way Home,1921407902.0,2021
Ne Zha 2,1894236381.0,2025
Inside Out 2,1698863816.0,2024
Jurassic World,1671537444.0,2015
The Lion King,1662020819.0,2019
The Avengers,1520538536.0,2012
Furious 7,1515342457.0,2015
Top Gun: Maverick,1495696292.0,2022
Frozen II,1453683476.0,2019
Barbie,1447038421.0,2023
Avengers: Age of Ultron,1405018048.0,2015
The Super Mario Bros. Movie,1360847665.0,2023
Beauty and the Beast,1356081801.0,2017
Black Panther,1349926083.0,2018
Harry Potter and the Deathly Hallows: Part 2,1342499744.0,2011
Deadpool & Wolverine,1338073645.0,2024
Star Wars: Episode VIII - The Last Jedi,1334407706.0,2017
Jurassic World: Fallen Kingdom,1310469037.0,2018
Frozen,1306450154.0,2013
Iron Man 3,1266152644.0,2013
Incredibles 2,1243225667.0,2018
The Fate of the Furious,1236009236.0,2017
Minions,1159457503.0,2015
Captain America: Civil War,1155046416.0,2016
Aquaman,1152028393.0,2018
The Lord of the Rings: The Return of the King,1138283522.0,2003
Spider-Man: Far from Home,1132705055.0,2019
Captain Marvel,1131416446.0,2019
Transformers: Dark of the Moon,1123794079.0,2011
The Dark Knight Rises,1114976407.0,2012
Skyfall,1108594137.0,2012
Transformers: Age of Extinction,1105261713.0,2014
Jurassic Park,1104379926.0,1993
Aladdin,1097831681.0,2019
Joker,1078958629.0,2019
Star Wars: Episode IX - The Rise of Skywalker,1077022372.0,2019
Toy Story 4,1073841394.0,2019
Toy Story 3,1067316101.0,2010
Pirates of the Caribbean: Dead Man's Chest,1066179747.0,2006
Moana 2,1059228373.0,2024
Rogue One: A Star Wars Story,1058684742.0,2016
Pirates of the Caribbean: On Stranger Tides,1046721266.0,2011
Star Wars: Episode I - The Phantom Menace,1046515409.0,1999
Despicable Me 3,1034800131.0,2017
Finding Dory,1029266989.0,2016
Harry Potter and the Sorcerer's Stone,1026428854.0,2001
Zootopia,1025521689.0,2016
Alice in Wonderland,1025468216.0,2010
The Hobbit: An Unexpected Journey,1017107150.0,2012
The Dark Knight,1009057329.0,2008
Jurassic World: Dominion,1001978080.0,2022
The Lion King,979161373.0,1994
Oppenheimer,975811333.0,2023
Harry Potter and the Deathly Hallows: Part 1,974919063.0,2010
Despicable Me 2,970766005.0,2013
Despicable Me 4,969126452.0,2024
The Jungle Book,967724775.0,2016
Jumanji: Welcome to the Jungle,962544585.0,2017
The Hobbit: The Battle of the Five Armies,962253946.0,2014
Pirates of the Caribbean: At World's End,961691209.0,2007
The Hobbit: The Desolation of Smaug,959079095.0,2013
Doctor Strange in the Multiverse of Madness,955775804.0,2022
Harry Potter and the Order of the Phoenix,942867374.0,2007
Finding Nemo,941637960.0,2003
Harry Potter and the Half-Blood Prince,941056063.0,2009
Minions: The Rise of Gru,940482695.0,2022
The Lord of the Rings: The Two Towers,938258056.0,2002
Shrek 2,932530034.0,2004
Bohemian Rhapsody,910813521.0,2018
The Battle at Lake Changjin,902548476.0,2021
Harry Potter and the Goblet of Fire,897468207.0,2005
Spider-Man 3,891679447.0,2007
The Lord of the Rings: The Fellowship of the Ring,888184831.0,2001
Ice Age: Dawn of the Dinosaurs,886686817.0,2009
Harry Potter and the Chamber of Secrets,882767796.0,2002
Spider-Man: Homecoming,880960014.0,2017
Spectre,880707597.0,2015
Ice Age: Continental Drift,877244782.0,2012
The Secret Life of Pets,875698161.0,2016
Batman v Superman: Dawn of Justice,874362803.0,2016
Wolf Warrior 2,870325439.0,2017
The Hunger Games: Catching Fire,865011746.0,2013
Guardians of the Galaxy Vol. 2,863756903.0,2017
Black Panther: Wakanda Forever,859208836.0,2022
Inside Out,859076254.0,2015
Venom,856085161.0,2018
Thor: Ragnarok,855301806.0,2017
Star Wars: Episode III - Revenge of the Sith,850035635.0,2005
The Twilight Saga: Breaking Dawn - Part 2,848593948.0,2012
Guardians of the Galaxy Vol. 3,845555777.0,2023
Inception,839030630.0,2010
Transformers: Revenge of the Fallen,836304167.0,2009
Spider-Man,825802095.0,2002
Wonder Woman,823970682.0,2017
"Hi, Mom",822009764.0,2021
Independence Day,817400891.0,1996
Fantastic Beasts and Where to Find Them,816037575.0,2016
Coco,814641172.0,2017
Harry Potter and the Prisoner of Azkaban,808481128.0,2004
Shrek the Third,808308862.0,2007
Jumanji: The Next Level,801693929.0,2019
E.T. the Extra-Terrestrial,797307407.0,1982
Pirates of the Caribbean: Dead Men Tell No Tales,795922298.0,2017
Mission: Impossible - Fallout,791658205.0,2018
2012,791217826.0,2009
Fast & Furious 6,788683342.0,2013
Indiana Jones and the Kingdom of the Crystal Skull,786636033.0,2008
Deadpool 2,785896632.0,2018
Spider-Man 2,784543400.0,2004
Deadpool,782837347.0,2016
Star Wars: Episode IV - A New Hope,775398507.0,1977
No Time to Die,774153007.0,2021
Guardians of the Galaxy,773350376.0,2014
The Batman,772319315.0,2022
Thor: Love and Thunder,760928081.0,2022
Fast & Furious Presents: Hobbs & Shaw,760732926.0,2019
The Da Vinci Code,760006945.0,2006
Maleficent,759853685.0,2014
The Hunger Games: Mockingjay - Part 1,759159711.0,2014
The Amazing Spider-Man,758707722.0,2012
Interstellar,758464713.0,2014
Shrek Forever After,752600867.0,2010
Suicide Squad,749200054.0,2016
Madagascar 3: Europe's Most Wanted,746921274.0,2012
X-Men: Days of Future Past,746045700.0,2014
"The Chronicles of Narnia: The Lion, the Witch and the Wardrobe",745013115.0,2005
Wicked,744078153.0,2024
Monsters University,743559645.0,2013
The Matrix Reloaded,741847937.0,2003
Up,735102136.0,2009
F9: The Fast Saga,726229501.0,2021
Ne Zha,726225471.0,2019
Gravity,723719539.0,2013
Mufasa: The Lion King,719676715.0,2024
The Amazing Spider-Man 2,716916608.0,2014
Dune: Part Two,714644358.0,2024
Captain America: The Winter Soldier,714421503.0,2014
The Twilight Saga: Breaking Dawn - Part 1,712205856.0,2011
The Twilight Saga: New Moon,711048123.0,2009
Dawn of the Planet of the Apes,710644566.0,2014
Transformers,709709780.0,2007
Fast X,704875015.0,2023
It,704242888.0,2017
The Wandering Earth,699992512.0,2019
The Twilight Saga: Eclipse,698513085.0,2010
The Hunger Games,695220619.0,2012
Mission: Impossible - Ghost Protocol,694713380.0,2011
Spider-Man: Across the Spider-Verse,690824738.0,2023
Detective Chinatown 3,686257563.0,2021
Mission: Impossible - Rogue Nation,682716636.0,2015
Forrest Gump,678226465.0,1994
Doctor Strange,677796833.0,2016
The Sixth Sense,672806432.0,1999
Full River Red,670491959.0,2023
Man of Steel,670145518.0,2013
Ice Age: The Meltdown,667094506.0,2006
Kung Fu Panda 2,665692281.0,2011
The Hunger Games: Mockingjay - Part 2,661456867.0,2015
Justice League,661326987.0,2017
Big Hero 6,657870525.0,2014
Fantastic Beasts: The Crimes of Grindelwald,655755901.0,2018
Pirates of the Caribbean: The Curse of the Black Pearl,654264546.0,2003
Men in Black³,654213485.0,2012
Star Wars: Episode II - Attack of the Clones,653780724.0,2002
Thor: The Dark World,644783140.0,2013
Moana,643332467.0,2016
Wonka,634502312.0,2023
Sing,634338409.0,2016
Kung Fu Panda,632384787.0,2008
The Incredibles,631688498.0,2004
The Martian,630621406.0,2015
Hancock,629443428.0,2008
Water Gate Bridge,626571697.0,2022
Fast Five,626140012.0,2011
Iron Man 2,623933331.0,2010
Ratatouille,623729380.0,2007
Ant-Man and the Wasp,622674139.0,2018
How to Train Your Dragon 2,621537519.0,2014
Logan,619180476.0,2017
The Lost World: Jurassic Park,618638999.0,1997
Casino Royale,616577552.0,2006
The Wandering Earth II,615023132.0,2023
The Passion of the Christ,612060372.0,2004
Mamma Mia!,611452132.0,2008
Life of Pi,609016565.0,2012
Ready Player One,607874422.0,2018
Transformers: The Last Knight,605425157.0,2017
Madagascar: Escape 2 Africa,603900354.0,2008
War of the Worlds,603873504.0,2005
Tangled,591806017.0,2010
Quantum of Solace,589593688.0,2008
Men in Black,589390539.0,1997
The Croods,587266745.0,2013
The Hangover Part II,586764305.0,2011
King Kong,218080025.0,2005
Ghost,217631306.0,1990
How to Train Your Dragon,217581231.0,2010
The Da Vinci Code,217536138.0,2006
Aladdin,217350219.0,1992
Alvin and the Chipmunks,217326974.0,2007
Saving Private Ryan,217049603.0,1998
Bohemian Rhapsody,216668042.0,2018
Ant-Man and the Wasp,216648740.0,2018
Madagascar 3: Europe's Most Wanted,216391482.0,2012
Kung Fu Panda,216064546.0,2008
Mission: Impossible II,215409889.0,2000
A Star Is Born,215333122.0,2018
X2: X-Men United,214949694.0,2003
Back to the Future,214553307.0,1985
Ant-Man and the Wasp: Quantumania,214504909.0,2023
The Lorax,214494550.0,2012
Solo: A Star Wars Story,213767512.0,2018
Venom: Let There Be Carnage,213550366.0,2021
Venom,213515506.0,2018
Austin Powers in Goldmember,213307889.0,2002
It Chapter Two,211622525.0,2019
300,210629101.0,2007
Coco,210460015.0,2017
Fast Five,209837675.0,2011
Mission: Impossible - Ghost Protocol,209397903.0,2011
Wedding Crashers,209273411.0,2005
Sherlock Holmes,209028679.0,2009
Dawn of the Planet of the Apes,208545589.0,2014
Batman Begins,206863479.0,2005
Charlie and the Chocolate Factory,206459076.0,2005
Ratatouille,206445654.0,2007
Thor: The Dark World,206362140.0,2013
Bad Boys for Life,206305244.0,2020
Austin Powers: The Spy Who Shagged Me,206040086.0,1999
Terminator 2: Judgment Day,205881154.0,1991
The Amazing Spider-Man 2,203605622.0,2014
Interstellar,203227580.0,2014
World War Z,202807711.0,2013
The Mummy Returns,202019785.0,2001
Armageddon,201578182.0,1998
Cinderella,201151353.0,2015
Ralph Breaks the Internet,201091711.0,2018
Gone with the Wind,200882193.0,1939
Tangled,200821936.0,2010
Godzilla,200676069.0,2014
Superman Returns,200081192.0,2006
Spectre,200074609.0,2015
Pearl Harbor,198542554.0,2001
Monsters vs. Aliens,198351526.0,2009
Happy Feet,198000317.0,2006
Indiana Jones and the Last Crusade,197171806.0,1989
Ice Age: Dawn of the Dinosaurs,196573705.0,2009
Godzilla x Kong: The New Empire,196350016.0,2024
Ice Age: The Meltdown,195330621.0,2006
Mission: Impossible - Rogue Nation,195042377.0,2015
Twilight,193962473.0,2008
Men in Black II,193735288.0,2002
Madagascar,193595521.0,2005
Kung Fu Panda 4,193590620.0,2024
Bad Boys: Ride or Die,193573217.0,2024
Captain America: Brave New World,193373312.0,2025
22 Jump Street,191719337.0,2014
Cars 2,191452396.0,2011
Teenage Mutant Ninja Turtles,191204754.0,2014
Sonic the Hedgehog 2,190872904.0,2022
Spider-Man: Into the Spider-Verse,190241310.0,2018
Grease,190071103.0,1978
Dunkirk,189740665.0,2017
The Polar Express,189528738.0,2004
Wreck-It Ralph,189422889.0,2012
A Quiet Place,188024361.0,2018
Gladiator,187705427.0,2000
The Croods,187168425.0,2013
John Wick: Chapter 4,187131806.0,2023
Sherlock Holmes: A Game of Shadows,186848418.0,2011
The Day After Tomorrow,186740799.0,2004
Mr. & Mrs. Smith,186336279.0,2005
Puss in Boots: The Last Wish,186090535.0,2022
Snow White and the Seven Dwarfs,184925486.0,1937
Pitch Perfect 2,184296230.0,2015
Dances with Wolves,184208848.0,1990
Sound of Freedom,184178046.0,2023
Batman Forever,184069126.0,1995
The Fugitive,183875760.0,1993
Black Widow,183651655.0,2021
The Revenant,183637894.0,2015
Ocean's Eleven,183417150.0,2001
The Simpsons Movie,183135014.0,2007
What Women Want,182811707.0,2000
The Perfect Storm,182618434.0,2000
Lincoln,182207973.0,2012
Liar Liar,181410615.0,1997
Jurassic Park III,181171875.0,2001
Thor,181030624.0,2011
Mission: Impossible,180981856.0,1996
Taylor Swift: The Eras Tour,180756269.0,2023
Top Gun,180258178.0,1986
Ant-Man,180202163.0,2015
Planet of the Apes,180011740.0,2001
Madagascar: Escape 2 Africa,180010950.0,2008
X-Men Origins: Wolverine,179883157.0,2009
Indiana Jones and the Temple of Doom,179870271.0,1984
Hitch,179495555.0,2005
Men in Black³,179020854.0,2012
Pretty Woman,178406268.0,1990
Elf,178053220.0,2003
Home,177397510.0,2015
Night at the Museum: Battle of the Smithsonian,177243721.0,2009
Tootsie,177200000.0,1982
How to Train Your Dragon 2,177002924.0,2014
Rise of the Planet of the Apes,176760185.0,2011
Captain America: The First Avenger,176654505.0,2011
The Karate Kid,176591618.0,2010
There's Something About Mary,176484651.0,1998
Ice Age,176387405.0,2002
The Bourne Supremacy,176241941.0,2004
Get Out,176196665.0,2017
The Lego Batman Movie,175936671.0,2017
Us,175084580.0,2019
The Boss Baby,175003033.0,2017
Crazy Rich Asians,174837452.0,2018
Crocodile Dundee,174803506.0,1986
Indiana Jones and the Dial of Destiny,174480468.0,2023
The Greatest Showman,174340174.0,2017
Fast & Furious Presents: Hobbs & Shaw,173956935.0,2019
Apollo 13,173837933.0,1995
Home Alone 2: Lost in New York,173585516.0,1992
National Treasure,173008894.0,2004
F9: The Fast Saga,173005945.0,2021
Air Force One,172956409.0,1997
Rain Man,172825435.0,1988
Mission: Impossible - Dead Reckoning Part One,172640980.0,2023
Pirates of the Caribbean: Dead Men Tell No Tales,172558876.0,2017
Gladiator II,172438016.0,2024
The Matrix,172076928.0,1999
TRON: Legacy,172062763.0,2010
Mary Poppins Returns,171958438.0,2018
True Grit,171243005.0,2010
Kingdom of the Planet of the Apes,171130165.0,2024
Tarzan,171091819.0,1999
John Wick: Chapter 3 - Parabellum,171015687.0,2019
A Beautiful Mind,170742341.0,2001
Chicago,170687518.0,2002
The Help,169708112.0,2011
Hotel Transylvania 2,169700110.0,2015
Hidden Figures,169607287.0,2016
Bridesmaids,169106725.0,2011
Quantum of Solace,168368427.0,2008
Wild Hogs,168273550.0,2007
Black Adam,168152111.0,2022
Kong: Skull Island,168052812.0,2017
Three Men and a Baby,167780960.0,1987
Gone Girl,167767189.0,2014
Hotel Transylvania 3: Summer Vacation,167510016.0,2018
Casino Royale,167445960.0,2006
The Hunger Games: The Ballad of Songbirds & Snakes,166350594.0,2023
Meet the Parents,166244045.0,2000
Fifty Shades of Grey,166167230.0,2015
2012,166112167.0,2009
Robin Hood: Prince of Thieves,165493908.0,1991
Knives Out,165363234.0,2019
Kung Fu Panda 2,165249063.0,2011
Hannibal,165092268.0,2001
Eternals,164870234.0,2021
Catch Me If You Can,164615351.0,2002
The Proposal,163958031.0,2009
The Pursuit of Happyness,163566459.0,2006
Big Daddy,163479795.0,1999
Clash of the Titans,163214888.0,2010
The SpongeBob Movie: Sponge Out of Water,162994032.0,2015
Batman Returns,162924631.0,1992
Django Unchained,162805434.0,2012
A Bug's Life,162798565.0,1998
Sing 2,162790990.0,2021
Jason Bourne,162434410.0,2016
Grown Ups,162001186.0,2010
The Waterboy,161491646.0,1998
Ice Age: Continental Drift,161321843.0,2012
Straight Outta Compton,161197785.0,2015
How to Train Your Dragon: The Hidden World,160945505.0,2019
Die Another Day,160942139.0,2002
No Time to Die,160891007.0,2021
Shark Tale,160861908.0,2004
A Quiet Place Part II,160072261.0,2021
The Heat,159582188.0,2013
Fantastic Beasts: The Crimes of Grindelwald,159555901.0,2018
Halloween,159342015.0,2018
The Sound of Music,159287539.0,1965
1917,159227644.0,2019
The Secret Life of Pets 2,158980250.0,2019
Star Trek Beyond,158848340.0,2016
The Firm,158348367.0,1993
The Longest Yard,158119460.0,2005
Transformers: Rise of the Beasts,157341749.0,2023
X-Men,157299718.0,2000
The Mummy,157095368.0,1999
Scary Movie,157019771.0,2000
Fatal Attraction,156645693.0,1987
Who Framed Roger Rabbit,156452370.0,1988
Creed III,156248615.0,2023
The Sting,156000000.0,1973
What Lies Beneath,155464351.0,2000
X-Men: Apocalypse,155442489.0,2016
Snow White and the Huntsman,155332381.0,2012
San Andreas,155190832.0,2015
Fast & Furious,155064265.0,2009
Over the Hedge,155019340.0,2006
Fantastic Four,154696080.0,2005
Horton Hears a Who!,154529439.0,2008
Elemental,154426697.0,2023
Mad Max: Fury Road,154280290.0,2015
Trolls,154174089.0,2016
Jerry Maguire,153952592.0,1996
Beverly Hills Cop II,153665036.0,1987
Gremlins,153642180.0,1984
Scooby-Doo,153322074.0,2002
Cars 3,152901115.0,2017
Sex and the City,152647258.0,2008
Runaway Bride,152257509.0,1999
La La Land,151101803.0,2016
Elvis,151040048.0,2022
Divergent,150947895.0,2014
Rambo: First Blood Part II,150415432.0,1985
We're the Millers,150394119.0,2013
Terminator 3: Rise of the Machines,150371112.0,2003
Daddy's Home,150357137.0,2015
G.I. Joe: The Rise of Cobra,150201498.0,2009
Neighbors,150157400.0,2014
American Hustle,150117807.0,2013
Puss in Boots,149260504.0,2011
Les Misérables,149260140.0,2012
Sonic the Hedgehog,148974665.0,2020
Knocked Up,148768917.0,2007
Uncharted,148648820.0,2022
It Ends with Us,148518266.0,2024
As Good as It Gets,148478011.0,1997
Little Fockers,148438600.0,2010
Hotel Transylvania,148426305.0,2012
Megamind,148415853.0,2010
Talladega Nights: The Ballad of Ricky Bobby,148213377.0,2006
Gran Torino,148095302.0,2008
Lethal Weapon 2,147253986.0,1989
War for the Planet of the Apes,146880162.0,2017
X-Men: First Class,146408305.0,2011
Paul Blart: Mall Cop,146336178.0,2009
True Lies,146282411.0,1994
Fast X,146126015.0,2023
Lilo & Stitch,145794338.0,2002
The Santa Clause,145539357.0,1994
The Meg,145522784.0,2018
American Pie 2,145103595.0,2001
Taken,145000989.0,2009
One Hundred and One Dalmatians,144880014.0,1961
The Great Gatsby,144857996.0,2013
"I, Robot",144801023.0,2004
The Fast and the Furious,144745925.0,2001
Lethal Weapon 3,144731527.0,1992
Mamma Mia!,144330569.0,2008
Pokémon: Detective Pikachu,144174568.0,2019
Doctor Dolittle,144156605.0,1998
The Wild Robot,143901945.0,2024
Rio,143619809.0,2011
Kung Fu Panda 3,143528619.0,2016
Juno,143495265.0,2007
Marley & Me,143153751.0,2008
The Smurfs,142614158.0,2011
Once Upon a Time... in Hollywood,142502728.0,2019
xXx,142109382.0,2002
The Jungle Book,141843612.0,1967
The Chronicles of Narnia: Prince Caspian,141621490.0,2008
National Lampoon's Animal House,141600000.0,1978
Pocahontas,141579773.0,1995
A Few Good Men,141340178.0,1992
Slumdog Millionaire,141319928.0,2008
Rush Hour,141186864.0,1998
The Blair Witch Project,140539099.0,1999
Shazam!,140480049.0,2019
Deep Impact,140464664.0,1998
Ocean's Eight,140295726.0,2018
Rush Hour 3,140125968.0,2007
Look Who's Talking,140088813.0,1989
Stuart Little,140035367.0,1999
Taken 2,139854287.0,2012
Venom: The Last Dance,139755882.0,2024
Sister Act,139605150.0,1992
The Matrix Revolutions,139313948.0,2003
The Santa Clause 2,139236327.0,2002
A Quiet Place: Day One,139051884.0,2024
The King's Speech,138797449.0,2010
Cheaper by the Dozen,138614544.0,2003
Bad Boys II,138608444.0,2003
Platoon,138530565.0,1986
21 Jump Street,138447667.0,2012
Good Will Hunting,138433435.0,1997
Split,138291365.0,2017
A Christmas Carol,137855863.0,2009
Dinosaur,137748063.0,2000
Ready Player One,137715350.0,2018
The Conjuring,137446368.0,2013
Click,137355633.0,2006
Five Nights at Freddy's,137275620.0,2023
The Green Mile,136801374.0,1999
Ransom,136492681.0,1996
The Godfather,136381073.0,1972
Godzilla,136314294.0,1998
101 Dalmatians,136189294.0,1996
Argo,136025503.0,2012
Anger Management,135645823.0,2003
Chicken Little,135386665.0,2005
Teenage Mutant Ninja Turtles,135384756.0,1990
Close Encounters of the Third Kind,135189114.0,1977
Patch Adams,135026902.0,1998
Ride Along,134938200.0,2014
The Incredible Hulk,134806913.0,2008
Live Free or Die Hard,134529403.0,2007
Wanted,134508551.0,2008
Identity Thief,134506920.0,2013
Superman,134478449.0,1978
The Rock,134069511.0,1996
Mission: Impossible III,134029801.0,2006
Grown Ups 2,133668525.0,2013
Troy,133378256.0,2004
Angels & Demons,133375846.0,2009
Alvin and the Chipmunks: Chipwrecked,133110742.0,2011
Bringing Down the House,132716677.0,2003
The Wolverine,132556852.0,2013
Wonder,132422809.0,2017
The Departed,132399394.0,2006
Hulk,132177234.0,2003
Silver Linings Playbook,132092958.0,2012
Minority Report,132072926.0,2002
Fantastic Four: Rise of the Silver Surfer,131921738.0,2007
The Last Airbender,131772187.0,2010
Rio 2,131538435.0,2014
Lara Croft: Tomb Raider,131168070.0,2001
The Silence of the Lambs,130742922.0,1991
"Honey, I Shrunk the Kids",130724172.0,1989
The Flintstones,130531208.0,1994
Lethal Weapon 4,130444603.0,1998
Get Smart,130319208.0,2008
Insurgent,130179072.0,2015
The Peanuts Movie,130178411.0,2015
Transformers: The Last Knight,130168683.0,2017
American Gangster,130164645.0,2007
American Beauty,130096601.0,1999
An Officer and a Gentleman,129795554.0,1982
Ghostbusters: Afterlife,129471867.0,2021
The Ring,129128133.0,2002
The Nutty Professor,128814019.0,1996
"Crouching Tiger, Hidden Dragon",128530421.0,2000
Borat,128505958.0,2006
Ghostbusters,128350574.0,2016
Kingsman: The Secret Service,128261724.0,2015
Robots,128200012.0,2005
Coming to America,128152301.0,1988
Shutter Island,128012934.0,2010
Into the Woods,128002372.0,2014
Rocky IV,127873716.0,1985
Enchanted,127807262.0,2007
Migration,127630880.0,2023
The Curious Case of Benjamin Button,127509326.0,2008
Central Intelligence,127440871.0,2016
Anchorman 2: The Legend Continues,127352707.0,2013
Sweet Home Alabama,127223418.0,2002
Bumblebee,127195589.0,2018
Dumb and Dumber,127190327.0,1994
2 Fast 2 Furious,127154901.0,2003
My Best Friend's Wedding,127120029.0,1997
Super 8,127004179.0,2011
The World Is Not Enough,126943684.0,1999
Sleepless in Seattle,126808165.0,1993
Smokey and the Bandit,126737428.0,1977
Lucy,126663600.0,2014
The Legend of Tarzan,126643061.0,2016
Bee Movie,126631277.0,2007
Prometheus,126477084.0,2012
Safe House,126373434.0,2012
Mr. Deeds,126293452.0,2002
The Truman Show,125618201.0,1998
Erin Brockovich,125595205.0,2000
Ocean's Twelve,125544280.0,2004
Terminator Salvation,125322469.0,2009
Charlie's Angels,125305545.0,2000
Tomorrow Never Dies,125304276.0,1997
Lone Survivor,125095601.0,2013
Sully,125070033.0,2016
Rocky III,125049125.0,1982
The Vow,125014030.0,2012
Life of Pi,124987023.0,2012
The Fault in Our Stars,124872350.0,2014
Cloudy with a Chance of Meatballs,124870275.0,2009
The Devil Wears Prada,124740460.0,2006
Something's Gotta Give,124728738.0,2003
Aquaman and the Lost Kingdom,124481226.0,2023
Traffic,124115725.0,2000
The Birdcage,124060553.0,1996
City Slickers,124033791.0,1991
"Good Morning, Vietnam",123922370.0,1987
Rango,123477607.0,2011
Nutty Professor II: The Klumps,123309890.0,2000
Nope,123277080.0,2022
The Good Dinosaur,123087120.0,2015
G.I. Joe: Retaliation,122523060.0,2013
Clear and Present Danger,122187717.0,1994
The Bodyguard,122046449.0,1992
The Hunt for Red October,122012643.0,1990
Wayne's World,121697323.0,1992
The Bourne Identity,121661683.0,2002
Free Guy,121626598.0,2021
Superbad,121463226.0,2007
Speed,121248145.0,1994
50 First Dates,120908074.0,2004
Mamma Mia! Here We Go Again,120634935.0,2018
Mulan,120620254.0,1998
Inglourious Basterds,120540719.0,2009
Seabiscuit,120277854.0,2003
Van Helsing,120177084.0,2004
Four Christmases,120146040.0,2008
I Now Pronounce You Chuck & Larry,120059556.0,2007
The Mask,119938730.0,1994
Cloudy with a Chance of Meatballs 2,119793567.0,2013
Hook,119654823.0,1991
Blazing Saddles,119616663.0,1974
Walk the Line,119519402.0,2005
G-Force,119436770.0,2009
Total Recall,119412921.0,1990
Back to the Future Part II,119361197.0,1989
On Golden Pond,119285432.0,1981
The Other Guys,119219978.0,2010
Fahrenheit 9/11,119194771.0,2004
Hairspray,118946291.0,2007
The Sum of All Fears,118907036.0,2002
The Break-Up,118703275.0,2006
Teenage Mutant Ninja Turtles: Mutant Mayhem,118700272.0,2023
A Series of Unfortunate Events,118634549.0,2004
Blades of Glory,118594548.0,2007
Salt,118311368.0,2010
Lightyear,118307188.0,2022
Basic Instinct,117727224.0,1992
Now You See Me,117723989.0,2013
Ford v Ferrari,117624357.0,2019
Big Momma's House,117559438.0,2000
Die Hard 2,117540947.0,1990
Horrible Bosses,117538559.0,2011
The Nun,117481222.0,2018
Rocky,117235147.0,1976
Jackass 3D,117229692.0,2010
Ocean's Thirteen,117154724.0,2007
Jungle Cruise,116987516.0,2021
S.W.A.T.,116934650.0,2003
The Wolf of Wall Street,116900694.0,2013
Coraline,116896576.0,2009
8 Mile,116750901.0,2002
Double Jeopardy,116741558.0,1999
The Butler,116632095.0,2013
Green Lantern,116601172.0,2011
Notting Hill,116089678.0,1999
The Towering Inferno,116000000.0,1974
You've Got Mail,115821495.0,1998
Ghost Rider,115802596.0,2007
Remember the Titans,115719751.0,2000
Creed II,115715889.0,2018
District 9,115646235.0,2009
Unbroken,115637895.0,2014
Peter Rabbit,115253424.0,2018
Big,115227281.0,1988
Girls Trip,115171585.0,2017
The Karate Kid Part II,115103979.0,1986
American Graffiti,115000000.0,1973
Dumbo,114766307.0,2019
Fifty Shades Darker,114581250.0,2017
Dodgeball: A True Underdog Story,114326736.0,2004
The Village,114197520.0,2004
Bolt,114053579.0,2008
Maleficent: Mistress of Evil,113929605.0,2019
Wild Wild West,113804681.0,1999
Magic Mike,113781613.0,2012
Night at the Museum: Secret of the Tomb,113746621.0,2014
The Addams Family,113502426.0,1991
Ghostbusters: Frozen Empire,113376590.0,2024
The Patriot,113330342.0,2000
Bad Moms,113257297.0,2016
The Bourne Legacy,113203870.0,2012
The Pacifier,113086868.0,2005
Dr. Dolittle 2,112952899.0,2001
The Rocky Horror Picture Show,112892319.0,1975
It's Complicated,112735375.0,2009
Spy Kids,112719001.0,2001
Ghostbusters II,112494738.0,1989
Face/Off,112276146.0,1997
The Hangover Part III,112200072.0,2013
Twins,111938388.0,1988
Spy Kids 3: Game Over,111761982.0,2003
Doctor Zhivago,111721910.0,1965
Enemy of the State,111549836.0,1998
The Little Mermaid,111543479.0,1989
Mr. Peabody & Sherman,111506430.0,2014
IF,111375918.0,2024
Porky's,111289673.0,1982
The Last Samurai,111127263.0,2003
Glass,111048468.0,2019
Spy,110825712.0,2015
Valentine's Day,110528528.0,2010
Tropic Thunder,110515313.0,2008
Godzilla: King of the Monsters,110500138.0,2019
The Grudge,110359362.0,2004
Fun with Dick and Jane,110332737.0,2005
Freaky Friday,110230332.0,2003
Trainwreck,110212700.0,2015
Bedtime Stories,110101975.0,2008
Scary Movie 3,110003217.0,2003
Creed,109778883.0,2015
Star Trek IV: The Voyage Home,109713132.0,1986
The 40-Year-Old Virgin,109449237.0,2005
Crocodile Dundee II,109306210.0,1988
Couples Retreat,109204945.0,2009
One Flew Over the Cuckoo's Nest,108981275.0,1975
Dune: Part One,108897830.0,2021
A Time to Kill,108766007.0,1996
Black Hawk Down,108638745.0,2001
Hop,108498305.0,2011
Terms of Endearment,108423489.0,1983
Scream VI,108391107.0,2023
Ace Ventura: When Nature Calls,108385533.0,1995
The Upside,108252517.0,2019
The Princess Diaries,108248956.0,2001
Superman II,108185706.0,1981
The Flash,108133313.0,2023
Little Women,108101214.0,2019
Pulp Fiction,107928762.0,1994
Paranormal Activity,107918810.0,2009
Baby Driver,107825862.0,2017
A League of Their Own,107533928.0,1992
Epic,107518682.0,2013
Watchmen,107509799.0,2009
The Angry Birds Movie,107509366.0,2016
Batman & Robin,107353792.0,1997
Captain Phillips,107100855.0,2013
Black Swan,106954678.0,2010
Analyze This,106885658.0,1999
Chicken Run,106834564.0,2000
Miss Congeniality,106807667.0,2000
Indecent Proposal,106614059.0,1993
Driving Miss Daisy,106593296.0,1989
300: Rise of an Empire,106580051.0,2014
Love Story,106550690.0,1970
GoldenEye,106429941.0,1995
Kramer vs. Kramer,106260000.0,1979
The Italian Job,106128601.0,2003
The Lego Movie 2: The Second Part,105956290.0,2019
Smile,105935048.0,2022
How to Lose a Guy in 10 Days,105813373.0,2003
The First Wives Club,105489203.0,1996
The Lost City,105344029.0,2022
Alien: Romulus,105313091.0,2024
Robin Hood,105269730.0,2010
Interview with the Vampire,105264608.0,1994
George of the Jungle,105263257.0,1997
Hustlers,104963598.0,2019
The Graduate,104945305.0,1967
Pitch Perfect 3,104897530.0,2017
Phenomenon,104636382.0,1996
American Wedding,104565114.0,2003
Road to Perdition,104454762.0,2002
The Princess and the Frog,104400899.0,2009
The Chronicles of Narnia: The Voyage of the Dawn Treader,104386950.0,2010
Daddy Day Care,104297061.0,2003
Daddy's Home 2,104029443.0,2017
Paranormal Activity 3,104028807.0,2011
Journey 2: The Mysterious Island,103887748.0,2012
The Mule,103804407.0,2018
Dick Tracy,103738726.0,1990
Rise of the Guardians,103412758.0,2012
Bullet Train,103368602.0,2022
Dreamgirls,103365956.0,2006
9 to 5,103290500.0,1980
Trolls Band Together,103270155.0,2023
Independence Day: Resurgence,103144286.0,2016
The Expendables,103068524.0,2010
Scream,103046663.0,1996
Just Go with It,103028109.0,2011
Murder on the Orient Express,102826543.0,2017
The General's Daughter,102705852.0,1999
The Aviator,102610330.0,2004
American Pie,102561004.0,1999
Daredevil,102543518.0,2003
The Conjuring 2,102516140.0,2016
The Girl with the Dragon Tattoo,102515793.0,2011
The Mummy: Tomb of the Dragon Emperor,102491776.0,2008
The Maze Runner,102427862.0,2014
In the Line of Fire,102314823.0,1993
Butch Cassidy and the Sundance Kid,102308889.0,1969
Mary Poppins,102272727.0,1964
Bambi,102247150.0,1942
Annabelle: Creation,102092201.0,2017
The Equalizer 2,102084362.0,2018
Jackass Presents: Bad Grandpa,102003019.0,2013
Pacific Rim,101802906.0,2013
Journey to the Center of the Earth,101704370.0,2008
Gone in 60 Seconds,101648571.0,2000
Maverick,101631272.0,1994
Sleeping with the Enemy,101599005.0,1991
The Equalizer,101530738.0,2014
This Is the End,101470202.0,2013
Eagle Eye,101440743.0,2008
The Prince of Egypt,101413188.0,1998
Scream 2,101363301.0,1997
Stir Crazy,101300000.0,1980
Eraser,101295562.0,1996
Noah,101200044.0,2014
Unforgiven,101167799.0,1992
The Cat in the Hat,101149285.0,2003
Con Air,101117573.0,1997
Sleepy Hollow,101071502.0,1999
Seven,101040643.0,1995
Rampage,101028233.0,2018
Collateral,101005703.0,2004
Contact,100920329.0,1997
Godzilla vs. Kong,100916094.0,2021
Charlie's Angels: Full Throttle,100830111.0,2003
The Pelican Brief,100768056.0,1993
The Addams Family,100723831.0,2019
Vanilla Sky,100618344.0,2001
Arrival,100546139.0,2016
Casper,100544179.0,1995
Due Date,100539043.0,2010
Jumanji,100499940.0,1995
The Rugrats Movie,100494675.0,1998
Million Dollar Baby,100492203.0,2004
Airport,100489151.0,1970
A Wrinkle in Time,100478608.0,2018
Step Brothers,100468793.0,2008
Evan Almighty,100462298.0,2007
Fifty Shades Freed,100407760.0,2018
Shakespeare in Love,100317794.0,1998
Bad Teacher,100292856.0,2011
Yogi Bear,100246011.0,2010
Cowboys & Aliens,100240551.0,2011
Kingsman: The Golden Circle,100234838.0,2017
Edge of Tomorrow,100206256.0,2014
The Hunchback of Notre Dame,100138851.0,1996
Parenthood,100047830.0,1989
You Don't Mess with the Zohan,100018837.0,2008
Passengers,100014699.0,2016
Die Hard with a Vengeance,100012499.0,1995
Gnomeo & Juliet,99967670.0,2011
Christopher Robin,99215042.0,2018
Hercules,99112101.0,1997
Olympus Has Fallen,98925640.0,2013
The Green Hornet,98780042.0,2011
Date Night,98711404.0,2010
The Color Purple,98467863.0,1985
Meet the Robinsons,97822171.0,2007
Yes Man,97690976.0,2008
Sausage Party,97685686.0,2016
The Bad Guys,97459240.0,2022
Inspector Gadget,97403112.0,1999
Public Enemies,97104620.0,2009
Red One,97000759.0,2024
Bob Marley: One Love,96981216.0,2024
The Social Network,96962694.0,2010
Schindler's List,96898818.0,1993
Downton Abbey,96853865.0,2019
The Others,96578502.0,2001
Legally Blonde,96520674.0,2001
Panic Room,96397334.0,2002
Rocketman,96368160.0,2019
Dog Man,96248490.0,2025
Encanto,96093622.0,2021
Apocalypse Now,96042913.0,1979
Dead Poets Society,95860116.0,1989
Fantastic Beasts: The Secrets of Dumbledore,95850844.0,2022
Zero Dark Thirty,95720716.0,2012
Norbit,95673607.0,2007
Cold Mountain,95636509.0,2003
Nosferatu,95608235.0,2024
Arthur,95461682.0,1981
Sex and the City 2,95347692.0,2010
Michael,95318203.0,1996
The Princess Diaries 2: Royal Engagement,95170481.0,2004
M3GAN,95159005.0,2023
42,95059709.0,2013
Unbreakable,95011339.0,2000
The Book of Eli,94835059.0,2010
"10,000 BC",94784201.0,2008
Beverly Hills Chihuahua,94514402.0,2008
Saturday Night Fever,94213184.0,1977
Julie & Julia,94125426.0,2009
The Mask of Zorro,94095523.0,1998
Maid in Manhattan,94011225.0,2002
He's Just Not That Into You,93953653.0,2009
Master and Commander: The Far Side of the World,93927920.0,2003
Flight,93772375.0,2012
The Nightmare Before Christmas,93745329.0,1993
DC League of Super-Pets,93657117.0,2022
The Fighter,93617009.0,2010
America's Sweethearts,93607673.0,2001
Lady and the Tramp,93602326.0,1955
Dungeons & Dragons: Honor Among Thieves,93549650.0,2023
The Bucket List,93466502.0,2007
Tomorrowland,93436322.0,2015
The Magnificent Seven,93432655.0,2016
Cats & Dogs,93385515.0,2001
Space Station 3D,93383953.0,2002
Two Weeks Notice,93354851.0,2002
Red Dragon,93149898.0,2002
Cinderella,93141149.0,1950
When Harry Met Sally...,93117425.0,1989
Elysium,93050117.0,2013
Flubber,92977226.0,1997
Flashdance,92921203.0,1983
The Fall Guy,92900355.0,2024
The Equalizer 3,92373751.0,2023
The Town,92186262.0,2010
Non-Stop,92168600.0,2014
The Client,92115211.0,1994
Blade Runner 2049,92071675.0,2017
John Wick: Chapter 2,92029184.0,2017
Star Trek: First Contact,92027888.0,1996
Halloween Kills,92002155.0,2021
The Garfield Movie,91956547.0,2024
Think Like a Man,91547205.0,2012
Kindergarten Cop,91457688.0,1990
Heaven Is for Real,91443253.0,2014
The Haunting,91411151.0,1999
Crimson Tide,91387195.0,1995
Back to School,91258000.0,1986
Ride Along 2,91221830.0,2016
Stepmom,91137662.0,1998
The Imitation Game,91125683.0,2014
The Karate Kid,91077276.0,1984
Save the Last Dance,91057006.0,2001
The Scorpion King,91047077.0,2002
Prince of Persia: The Sands of Time,90759676.0,2010
Antz,90757863.0,1998
Scary Movie 4,90710620.0,2006
The Game Plan,90648202.0,2007
Space Jam,90594962.0,1996
"Me, Myself & Irene",90570999.0,2000
High School Musical 3: Senior Year,90559416.0,2008
Madea Goes to Jail,90508336.0,2009
Space Cowboys,90464773.0,2000
Get Hard,90411453.0,2015
Trading Places,90404800.0,1983
RED,90380162.0,2010
Planes,90288712.0,2013
Where the Crawdads Sing,90230760.0,2022
"Legally Blonde 2: Red, White & Blonde",90186328.0,2003
Mystic River,90135191.0,2003
The Black Phone,90123230.0,2022
Terminator Genisys,89760956.0,2015
Flightplan,89707299.0,2005
The Emperor's New Groove,89636687.0,2000
Father of the Bride,89325780.0,1991
The Lone Ranger,89302115.0,2013
Taken 3,89256424.0,2015
Don't Breathe,89217875.0,2016
Scream 3,89143175.0,2000
Oblivion,89107235.0,2013
The Ugly Truth,88915214.0,2009
Percy Jackson & the Olympians: The Lightning Thief,88768303.0,2010
Failure to Launch,88715192.0,2006
The Muppets,88631237.0,2011
Inside Man,88513495.0,2006
Anyone But You,88319668.0,2023
Back to the Future Part III,88277583.0,1990
Waterworld,88246220.0,1995
Starsky & Hutch,88237754.0,2004
Along Came Polly,88097164.0,2004
The Hand That Rocks the Cradle,88036683.0,1992
Entrapment,87704396.0,1999
Peter Pan,87404651.0,1953
Pineapple Express,87341380.0,2008
Miss Peregrine's Home for Peculiar Children,87242834.0,2016
Everest,87178599.0,1998
Out of Africa,87071205.0,1985
Sisters,87044645.0,2015
Saw II,87039965.0,2005
The Naked Gun 2½: The Smell of Fear,86930411.0,1991
The Campaign,86907746.0,2012
The War of the Roses,86888546.0,1989
The Amityville Horror,86432000.0,1979
Presumed Innocent,86303188.0,1990
Young Frankenstein,86273333.0,1974
The Nun II,86267073.0,2023
The Accountant,86260045.0,2016
Dumb and Dumber To,86208010.0,2014
Cruella,86103234.0,2021
The Emoji Movie,86089513.0,2017
Mean Girls,86058055.0,2004
Annie,85911262.0,2014
Die Hard,85892546.0,1988
Alvin and the Chipmunks: The Road Chip,85886987.0,2015
Spy Kids 2: Island of Lost Dreams,85846429.0,2002
Alita: Battle Angel,85838210.0,2019
Fury,85817906.0,2014
Pokémon: The First Movie - Mewtwo Strikes Back,85744662.0,1999
Real Steel,85468508.0,2011
The SpongeBob SquarePants Movie,85417988.0,2004
